{"cameraMode":{"drawMode":0,"name":"Shaded","section":"Shading Mode"},"sceneLighting":false,"audioPlay":false,"sceneViewState":{"m_AlwaysRefresh":false,"showFog":true,"showSkybox":false,"showFlares":true,"showImageEffects":true,"showParticleSystems":true,"showVisualEffectGraphs":true,"m_FxEnabled":true},"in2DMode":false,"pivot":{"x":0.003538370132446289,"y":0.7014114260673523,"z":0.20074141025543214},"rotation":{"x":0.2504127025604248,"y":0.09714507311582566,"z":-0.025286439806222917,"w":0.9629830121994019},"size":0.21129700541496278,"orthographic":false}